<?xml version="1.0" encoding="UTF-8"?>
<project-private xmlns="http://www.netbeans.org/ns/project-private/1">
    <editor-bookmarks xmlns="http://www.netbeans.org/ns/editor-bookmarks/2" lastBookmarkId="0"/>
    <open-files xmlns="http://www.netbeans.org/ns/projectui-open-files/2">
        <group>
            <file>file:/Users/keerthanajagana/Desktop/AED_Final/samplefinal/src/PSH_Model/EnterpriseServices/PSH_EnterCatag_TheatreService.java</file>
            <file>file:/Users/keerthanajagana/Desktop/AED_Final/samplefinal/src/UI/CustomerRole/PSH_ServiceBookCelebJPanel.java</file>
            <file>file:/Users/keerthanajagana/Desktop/AED_Final/samplefinal/src/UI/CustomerRole/PSH_HotelBookingServicesJPanel.java</file>
            <file>file:/Users/keerthanajagana/Desktop/AED_Final/samplefinal/src/PSH_Model/EnterpriseServices/PSH_EnterCatag_CelebrationService.java</file>
            <file>file:/Users/keerthanajagana/Desktop/AED_Final/samplefinal/src/main/FinalMainJFrame.java</file>
        </group>
    </open-files>
</project-private>
